,com_1,com_2,com_3,com_4,com_5,com_6,sp1_1,sp1_2,sp1_3,sp1_4,sp2_1,sp2_2,sp2_3,sp2_4
0,-0.86262137,-0.046355262,-0.015513122,-0.8901317,-0.20451984,-0.32587633,-4.547733,-0.69238794,-4.746247,1.5208249,8.434101,-2.7398846,-3.7732763,-1.45819
1,-0.4717831,-0.792625,-0.2195119,-0.6923098,0.09551893,0.2643365,1.5755019,2.7441843,-2.9033015,0.59974486,-0.7599037,1.9425607,2.8676367,-1.7969351
2,-0.5251956,-0.14811647,0.3596415,-0.17317551,-0.7527642,0.35151654,-4.0581775,-2.016626,-3.2939925,-0.07385898,7.5977163,-6.2521834,-2.202316,-3.202187
3,-0.628104,-0.38097826,0.37363386,-0.5309787,-0.8677118,-0.6750802,-5.297193,-2.199439,6.0411077,1.4750645,-3.5623136,-1.4978342,-0.49640983,1.024172
4,-1.1722667,-0.031838983,0.4842664,-0.7997292,-0.19439186,-0.4829392,-0.9175134,-0.3333096,-0.76964486,3.2610226,-0.011007994,3.5196044,7.3777866,-4.537943
5,-0.342265,-0.4436013,0.3463936,-0.58198845,-0.6367837,0.5061996,-0.6756769,-1.5200261,6.423343,-3.7876496,1.874627,-9.924986,-2.0027657,-5.31931
6,-0.44746506,-0.7661558,0.29875904,-0.40539753,-0.103868246,0.4408222,6.348407,-1.7613969,-1.099855,1.2491553,3.9019928,1.7396706,5.9011555,-4.1106067
7,-0.9127028,-0.7447062,0.17068106,-1.2600675,-0.5422275,-0.01361607,-4.114522,-5.1962924,-12.10234,-10.048655,-0.5383571,-9.577296,13.854911,3.658761
8,-0.44951296,-0.07594864,-0.08358747,-0.5042474,-0.33017147,0.08313706,2.8448272,6.552748,7.975807,-5.3339653,8.7659445,-1.8410614,-4.675995,-2.225398
9,0.26482913,-0.29925272,0.09309846,-0.2780462,-0.37566242,1.1907296,25.23709,11.318621,-19.30478,1.6860476,2.303364,-2.9362066,-1.4596899,0.6677268
10,-0.6254366,-1.1377482,-0.2625391,-0.4322362,0.14677617,1.026512,7.0073624,-1.583568,-2.9419112,10.647101,1.8865027,-0.044455506,-1.4071845,0.48610926
11,-0.23877087,-0.80067915,0.49499148,-0.5183903,0.0019889846,-0.034118682,-18.550793,-26.262085,-3.0025227,12.308809,-1.0847696,3.4825168,6.83527,-1.7102765
12,-0.57264936,0.1785652,0.09465849,-1.4001745,-0.38195154,-0.5380653,3.399138,3.5110586,4.828183,5.2254367,11.822938,-4.43817,4.283179,-0.27732128
13,0.121836394,-0.17593485,0.040726386,-0.035440445,-1.1138442,-0.84808075,-2.04209,1.2147604,2.3036156,1.2062981,1.0141557,4.8025866,2.5768712,1.1848731
14,-0.061332032,0.10457432,-0.18949047,-0.580909,0.011466235,0.25594616,1.445358,-0.33722085,-5.2985215,-3.3008246,-5.995522,-0.089451164,20.019814,7.741518
15,0.12783653,-0.34481972,0.20282829,-0.6429272,0.008717895,0.30207032,-5.82591,-3.0919693,-3.3791525,-5.219544,0.806613,-7.2453566,-4.540704,0.11254174
16,-0.9134394,-0.5051801,0.0874207,-0.56886804,-0.9549854,-0.09472287,5.177537,3.3598099,-0.952763,-1.6769348,-3.0259047,4.5025663,1.7494493,8.24681
17,-0.622653,-0.06547828,-0.14482296,-0.40948784,-0.9416374,-0.614859,1.0143678,-9.59392,2.032923,-4.563837,8.787025,-1.9921125,1.9493804,2.3873253
18,-0.94057626,-0.43974453,0.3430122,-0.24846339,0.20946024,0.75595236,-4.589597,-0.382014,5.1265798,-6.170295,2.2729552,-0.7324171,-0.65666026,2.7130466
19,-0.12163795,-0.41697252,0.089640275,0.24152221,-0.4443918,0.98637974,-1.0422695,-1.0689825,1.9592197,-1.4384077,5.546836,1.9064924,0.12534513,2.0120711
20,-0.16115345,-0.4114136,0.11364657,-0.63141596,-0.23077399,0.5749047,-0.8995578,8.848681,2.0463703,-0.88608086,-8.095765,-14.88319,-7.651324,5.5577216
21,0.051147252,-0.375656,0.28210294,-0.31487077,-0.098808706,-0.4228165,2.8873546,-2.0698805,0.8221544,-0.30412006,3.7308538,3.8341367,7.7646008,14.177035
22,-0.52803767,-0.4020024,0.35233358,-1.4963317,-1.0618649,-0.625195,-1.4808521,-4.9084506,1.8245982,-1.3155687,-0.6349743,-6.002417,-11.853342,-0.73360175
23,-0.04232475,-0.7487952,0.121862486,-0.65734243,-0.5993031,-1.2212639,-1.1279829,-6.9282236,-3.183327,3.4255047,3.792584,11.633154,2.0996475,8.284424
24,-0.5053055,-0.3152151,0.33010703,-0.39226103,-0.7659278,-0.20626625,1.3793699,7.01569,-13.778071,-9.105927,3.3995743,2.3631196,-9.941929,-1.6751685
25,-0.78386176,-0.19255187,-0.28679645,-0.45613185,-0.13814607,-0.29461333,0.7098789,-23.657137,0.59759164,-8.653645,-18.475718,-5.709889,6.8394876,5.64525
26,-0.91673505,-0.5030849,0.75861263,-0.22085056,-0.32225728,-0.097295195,-10.201747,0.6979769,-12.483581,-12.383333,1.5972261,2.2449903,-2.398828,3.3224373
27,0.066716045,-1.0709857,0.45822,-0.15618591,-0.29002857,-0.6630687,5.213037,-4.703686,0.4576193,-0.7611614,3.2181768,0.8169453,-4.7267942,-4.4394846
28,0.4899733,-0.8774861,0.36053616,0.06539242,-0.0068460554,-0.42987722,0.043225706,1.0179641,-1.9228742,-2.8262277,4.5964317,-4.5796685,4.016697,5.1831226
29,-1.0607656,0.1505523,0.09998421,-0.59340847,0.08730947,-0.11066386,0.40874243,2.158799,1.0114434,1.8582991,-3.8179975,0.9629518,-5.2954445,-6.2156816
30,-0.06704453,-0.10433002,-0.19069773,-0.55058396,0.20088923,-1.0654159,3.8140793,-3.046891,2.9711554,-1.9287274,1.127569,-1.9689169,3.176959,1.3771605
31,-0.9235968,-0.24045402,0.2145738,-0.31320733,-0.5751938,-0.21662253,0.18288131,1.1825323,-2.0953772,10.616636,1.9418381,-4.1913342,3.5480788,-0.18441176
32,-0.20066637,-0.71910226,0.3815462,-0.71130484,-0.94029546,-0.4076565,2.6172445,-4.727755,0.5598433,0.0817792,-8.886326,-2.7533274,12.364944,-1.323874
33,-0.44207665,-0.99770325,0.35717112,-0.5786902,-0.85930794,-0.2679641,10.702912,-3.483343,-4.3990383,-3.6817362,-5.237213,-0.40055594,5.344207,4.470895
34,-0.67097265,0.7317704,0.11527832,-0.40576667,0.6574272,0.33285794,-29.991266,7.7041388,6.0981445,3.9279084,-1.8862586,-1.160865,3.3736103,-2.8953543
35,-0.31679055,-1.0501287,0.06772156,-0.17930432,-0.1619096,0.022732653,3.0994577,5.895311,-2.545269,1.9707334,-11.831203,1.1241794,-1.3188832,-14.173551
36,-0.7087127,-0.8009971,-0.42134494,-0.4105127,-0.15854141,-0.5099623,-4.4344745,-3.7116487,4.3645606,-0.46461555,-5.90163,-0.57636315,1.5071937,-0.71845317
37,-0.564172,-0.5640744,0.31888416,-0.599743,-0.013481684,-0.17992836,-3.0746443,-2.9887004,3.829473,-2.4758415,4.8866158,0.9372162,4.8527036,3.7669985
38,-0.79627395,-0.325146,0.662683,-0.4474824,-0.7169347,-1.1007532,2.080242,1.5970913,2.8443043,1.6907318,2.6513622,1.3181468,1.7937514,-4.467612
39,-0.46068472,-1.1952097,0.13545561,-0.43304673,-1.0439317,0.16362543,3.7303069,-0.558148,1.8171256,13.201067,4.9201784,-7.6469812,5.4090376,4.261688
40,-0.26874122,-0.22421141,0.2935567,0.108656704,-0.35582283,-0.1964092,6.554529,-8.125237,-5.0681868,4.927329,2.0559907,3.6333148,-1.3284956,-1.0278598
41,-0.53525543,-0.15711026,0.5976,-0.30474156,-0.57072353,0.8515298,5.843266,-9.059516,6.681176,-3.1591475,-1.8042117,1.862879,-3.2820828,0.18334697
42,-0.20435889,0.04055479,0.16270164,0.36576,-0.6551509,0.108033046,0.046689566,4.1891565,2.1829412,0.85669506,-1.3541446,-1.6859728,2.0294547,3.785489
43,0.10699037,-0.5264779,0.25827393,-0.07772808,-0.5742341,0.4118651,-4.9629493,6.930578,2.386977,12.961199,-8.151571,5.7468324,4.61222,-4.1569223
44,0.76158917,-0.9589559,0.9601367,-0.29456383,-0.8447151,0.75565225,-0.6687862,-4.9113574,2.602954,1.0994686,-2.7914753,-0.65215117,0.17862912,1.0426447
45,0.20366144,-0.6879295,0.0687435,0.013515592,0.45159853,-0.59553725,-3.9106467,-3.598229,-2.6933005,6.3527966,2.8122845,0.90695006,-0.7233804,-0.014860477
46,-0.019323334,-0.067915305,0.45648396,0.14949402,-0.91640204,-0.5704455,1.2665225,-6.0554786,-0.89753664,-2.4691236,0.9014039,-4.972711,-0.04737258,-1.5410593
47,-0.28748456,-0.331962,-0.20191377,-0.20628467,0.20285848,-0.075914234,6.872848,-0.19879398,-0.94800127,-5.2414255,-2.9793339,-0.7186716,3.0686142,0.81091714
48,0.114189796,-0.5780073,0.68890697,-0.31155643,-0.08719373,0.20820494,2.532533,-1.7672579,-3.884457,-0.0005110388,-1.3616779,1.8334186,-8.898321,-11.471439
49,-0.3016948,0.21236777,0.1574379,-0.55106205,-0.12345043,-0.044600412,-0.35462815,5.67067,0.911362,-0.74309456,8.93224,8.781024,1.9060285,21.273178
50,-0.5864219,-0.36548227,0.25470006,-0.83011794,0.1736496,0.93302953,3.321823,-1.0422623,-4.018443,-1.3745556,-8.474375,6.175143,0.8643362,-5.6637607
51,-0.9210805,-0.3089956,0.22172453,-0.9528675,-0.5952557,0.0021559782,-3.7123833,2.3440323,-2.471595,2.8717992,-12.305154,-16.871212,10.26582,-10.986872
52,-0.49708283,-0.57943714,-0.68706524,-0.6009736,-0.17936738,-0.071404904,4.765087,8.023812,1.5011358,0.2651207,0.28904414,5.1951814,5.5626736,-2.050503
53,-0.77552634,-0.4788382,0.085978866,-0.62360513,-0.37224358,-0.295089,-17.779583,9.129868,-4.578939,-4.310207,1.8699458,-4.471741,3.4549153,-5.171642
54,-0.4554773,-0.6967697,0.5447172,-0.4508659,-0.32635468,-0.5475881,-5.366437,-0.22928545,-4.2232566,-0.95380604,3.1224842,0.47776803,-1.521857,-7.4769588
55,-0.3175007,-0.726267,0.16192341,-0.2042765,-0.36096698,-0.36590105,-29.531996,-4.7725224,-1.7969458,-7.1356473,3.1991959,-0.7473611,-1.313475,-5.4576764
56,-0.08587396,-0.8578023,0.6313335,-0.28206146,-0.24205667,-0.11747615,-13.194834,-16.930788,-0.61366725,-13.602965,3.3540413,4.318494,3.545872,10.199795
57,0.1293234,-0.24901804,0.46352226,0.5318845,-0.6147042,-0.26363856,5.6934013,0.43849632,-1.5701566,-3.0173824,2.044542,0.05047177,-0.13389066,1.7743282
58,-0.08624598,-0.4543561,0.13832745,-0.04522495,0.20839518,-0.16475195,-0.9789449,2.0893617,1.202599,1.2841417,5.2341228,1.479864,0.5147805,1.2525859
59,0.20048788,-0.42942306,-0.087490015,-0.348673,0.002188228,-0.13557953,-2.3511703,12.367638,-1.9541575,-1.4658408,-0.41784018,-5.8481593,3.779322,5.403598
60,-0.72478265,-0.36274368,-0.27628258,-0.4921572,0.024223506,-0.24069588,3.5775905,-1.6847603,-1.3847039,3.2331076,-0.6334472,-1.4428564,-3.1248038,2.3266592
61,-0.18142496,-0.28014204,0.054449655,-0.66498184,-0.1612299,-0.14334695,3.7247438,-1.202842,-0.6280529,5.378868,-1.1180393,5.1374125,-7.81746,2.204003
62,0.17695615,-0.49629635,0.29224256,-0.85130507,-0.34659043,1.665167,2.6229026,0.030230865,1.7191138,1.8611656,-7.3520107,4.7143416,-11.427833,4.400149
63,-0.59468865,0.045194395,-0.19073987,-0.6609635,-0.4667862,0.3273728,-2.3426676,-6.616512,1.3661855,-0.7783406,-9.799512,-8.56272,5.756071,1.7408006
64,-0.8902957,-1.0651025,0.45026296,-0.54035306,-0.10682261,0.5394989,-3.1058862,-5.9358716,-3.8580494,-5.3171606,12.20455,2.3461752,1.2851038,4.0141325
65,-0.025057822,-0.48606402,0.42954242,-0.50665426,-1.0648775,0.5541914,-3.7108927,0.6617847,0.9774702,-2.807023,1.6819003,0.8409041,-0.5397663,1.8860195
66,-0.2176626,0.2997001,-0.32238948,-0.56440604,-0.12352766,-0.5268687,-4.9603233,-2.7295265,0.5425256,-0.5349448,1.6539966,1.6859914,2.900741,3.031817
67,-0.22511888,-0.63792247,0.72793424,-0.7768135,-0.05366662,-0.6829143,-6.1828766,1.3965402,3.1191256,3.2748206,1.9082278,3.9532628,1.6924417,3.8737333
68,-0.5665852,-0.35972053,0.15987237,-0.6395707,-0.11156355,-0.41163617,6.3358383,10.068054,1.7151005,-2.3770878,-5.1492267,3.5812626,-12.460117,4.7974124
69,-0.34770024,0.25447607,0.49584118,-0.26710778,-0.121401325,0.38693127,1.3293107,2.0344567,1.0759826,-1.4560491,-4.080333,-4.599682,1.3006319,-20.521576
70,0.19087711,0.12203017,0.57153106,-0.37098533,-0.4565764,0.33436978,-2.2816486,-1.053076,3.1641119,1.7060539,-0.86963844,2.3534913,2.0450726,1.2836249
71,-0.13699724,-0.51489043,0.33589852,-0.69492006,-0.5050563,0.1682401,6.0209856,14.911644,-6.002651,-28.689837,3.3486528,-1.8545244,-4.424133,4.497008
72,-0.4870326,-0.3288206,0.67968017,-0.1595078,-0.24803722,-0.72426295,-2.0985143,-1.955007,-2.069558,1.918217,-3.551722,-6.4393816,3.1892357,10.417165
73,-0.5421333,-0.95522594,0.27088144,-0.15536836,-0.28348625,-0.387053,-4.6784115,-1.0508674,-7.232774,3.1494517,5.078595,-0.3739168,1.0372795,1.4588295
74,-0.80134547,-0.40502608,0.352843,-0.7875047,-1.1052918,0.1293776,-8.343155,11.339991,-31.488869,-14.191322,-4.1226444,3.499721,-2.4474306,-2.3892615
75,-0.13971508,-0.20593557,-0.0037377551,-0.7060057,0.085579515,-0.12181416,-2.5484672,3.9544926,-3.3602812,8.812518,5.318717,-7.402505,-6.1381955,-1.4498942
76,-0.09996948,-0.7595929,-0.029946595,-0.073654205,0.72860694,0.3901057,-0.31426984,-1.2780542,-6.3808684,-2.0861106,-0.86578614,1.587349,0.21755223,4.366058
77,-0.61946476,-0.46220466,-0.07005225,-1.2285309,-0.79213464,-0.39067012,-5.0606556,-3.3513591,2.3686948,0.69149774,-5.8903217,-0.72444856,4.184969,-0.21657218
78,-0.2776612,0.048557907,0.02160719,-1.2621955,-0.3964968,0.1415531,0.34068215,1.6299081,-4.819758,-1.9800332,-1.2392635,-0.67156464,6.246904,2.7889652
79,0.23867366,0.4325195,-0.6116737,-0.27699578,-0.3702644,-0.5469333,-1.2042426,2.7413964,-1.5533507,-0.7188939,4.0459127,0.5568344,3.726842,-1.5331806
80,-0.12294749,0.28824055,0.07369052,-0.32324567,-0.4891225,0.40094823,-1.1133783,1.4129139,-0.45312583,-1.5751742,4.9483614,-3.5204911,-1.827176,2.43956
81,-0.34608835,0.30718392,0.49491617,-0.31707513,-0.4913632,0.078185365,0.5461219,0.20246752,-3.7682579,0.3480185,5.788563,3.4203753,0.71801907,-3.1867697
82,-0.5134059,-0.61550677,-0.0869336,-0.17237371,-0.25356096,-1.4744779,-6.840747,3.9699533,5.870211,-4.399699,0.8269726,6.9361954,-5.7448945,-20.298952
83,-0.5869382,0.20808858,0.7196039,-0.47641784,0.08052029,-0.08423856,5.2134657,1.4356855,-2.999344,4.804929,-13.866047,-8.393589,8.887896,-0.6556419
84,0.3131238,-1.3245742,-0.16452053,0.16028711,-1.0838327,-0.27282,0.7523697,2.177183,2.8436522,-4.185568,-0.5811614,-1.9626491,1.6962864,4.461412
85,0.052099705,-0.10678378,-0.18933734,0.20456389,-0.05121156,0.111378975,2.3327484,-3.380751,-3.2976584,2.4354546,2.1582153,-1.5402564,1.5122029,-3.6861632
86,-0.23896553,-0.30166364,-0.08506012,-1.1578729,-0.32428294,-0.12119317,8.766418,-15.195521,0.6980601,-14.555888,-1.0751425,5.374095,1.326761,-0.41475236
87,-0.43621975,-1.0953823,0.18396877,-0.09554082,-0.29196626,-0.46362644,-2.9002,1.2868294,-0.25070554,4.6142797,6.8325663,-2.1826472,2.1057632,0.06541905
88,-0.036399096,-0.03943611,0.059266217,0.26200822,0.059286922,-0.28998393,-1.5838102,-7.421336,-0.9928613,-4.0555477,-6.9536576,-1.1094786,-1.5947467,-6.8548083
89,-0.029487744,0.1697706,0.043486696,-0.15412673,-0.14034092,0.48249677,-0.2931836,2.8429134,1.0508453,4.7715178,-3.7796402,3.3325462,-6.512685,-3.6236498
90,-0.416116,-0.9495471,-0.013228029,-0.80302525,0.095873415,0.29078656,12.142892,-12.625795,10.170748,4.944356,3.595814,7.6774564,-1.3518478,-5.1190863
91,-0.06513703,-0.49137032,0.24554718,-0.610748,-0.40530264,0.13559934,-1.268301,-0.82756364,-6.7266808,2.1940722,-9.316263,0.11944104,-1.0563874,0.04345557
92,-0.5339513,-0.5623281,0.3659401,-0.12068509,-0.07988635,0.06897325,3.5336514,-5.7716594,-2.0108712,3.8840184,-3.1863697,1.6792011,-1.2139956,-1.6899073
93,-0.6038376,0.62219256,0.12390222,-1.1461375,-0.5968245,-0.8518779,-1.4864361,0.24898437,1.5138482,1.2561054,7.639033,-2.1836607,-7.558104,-13.310222
94,-0.17805879,-0.01254499,-0.079496115,-0.6635126,0.14404672,0.20950122,0.809597,-3.6473904,4.3835497,-1.6058934,-1.0450798,-0.03433323,-1.1031268,1.674934
95,0.30565774,-0.11673516,0.26011607,-0.6883677,0.018245079,-0.44100484,0.4132598,-1.6493783,3.548739,-1.7913365,-6.3287325,-4.463501,6.4511003,0.38116488
96,0.24751443,0.043287873,0.17822425,-0.07896277,-0.7090763,0.7731941,1.731054,-0.8769331,0.87151474,-1.8091938,-10.202125,1.9328055,5.9078174,-1.1034961
97,-0.24411938,-0.15221739,0.48312074,-0.4043573,-0.8582416,0.015650913,-2.2309086,1.104058,0.29387498,-0.11521248,0.08767615,1.5504748,2.7108033,-2.7593277
98,-0.92531866,-0.8223983,0.030078784,0.37464052,0.23794866,-0.27547833,-3.1324532,4.082554,5.976563,0.95524937,-0.55009747,11.8591385,-2.1471834,4.708212
99,-0.20066157,-0.650524,0.10487845,-0.72545743,-0.12886274,0.13841301,6.2102485,-14.069376,6.2036567,1.7029837,3.0415297,-3.561052,-6.0111847,-3.9719853
100,-0.7046733,-0.41050977,-0.029010978,-0.35096955,-0.32859707,0.45302135,1.4808022,-13.282682,3.3300316,-2.0900993,-17.211967,2.0563798,-0.76546574,-11.170773
101,-0.70220065,-0.7278783,0.2371726,-0.14365175,-0.13465603,-0.753146,-3.1999958,-0.5971786,-12.934445,2.714541,10.936961,-4.231277,-0.5603949,-2.711307
102,0.10204373,-0.24031396,0.31846446,0.23587656,-0.97698915,-0.62760293,0.75423,1.2743582,0.054265544,1.0478393,6.764568,-1.0230899,1.7401145,-4.0480294
103,-0.3886289,-0.8948691,0.458856,-0.44487864,-0.23813666,0.37653834,-7.6703057,2.9227936,-7.317535,3.9629824,3.380089,41.587288,3.5468485,-7.581457
104,0.64671713,-0.12576593,0.470375,-0.776475,-0.43977457,0.7187896,1.5469931,-2.6015193,-2.5584366,2.4236102,-0.10761293,0.8087996,2.9859126,3.7186885
105,0.37673673,0.048327863,1.066734,-0.32144666,-0.8176126,0.11100321,-2.00665,-2.3243608,0.5942449,1.099232,1.1836401,0.5542934,5.831307,6.3057055
106,-0.483635,0.29393694,0.4854516,-0.042665973,-0.42985597,-0.3657246,-0.58716077,3.0642762,-7.4141407,-16.282757,-5.6547136,3.006621,-1.5168116,-2.0228126
107,-0.67989933,0.16398951,-0.25352806,-0.6911938,0.062151723,1.4522594,1.4627347,4.5029225,-0.30808467,1.8691767,-0.41954693,2.871121,-3.3191936,-6.192318
108,-0.6558646,-0.56911635,0.49726272,-0.5617247,0.18150815,0.34299272,10.372597,0.4299478,-0.056946993,-4.0541153,-2.509051,0.7278055,3.838423,11.290645
109,-0.32554176,-0.50267136,0.3495079,-0.3395818,-0.5732419,0.049722925,-6.1266494,-6.221897,2.1392353,1.5310222,-2.3147519,2.5971665,7.729797,-7.690031
110,0.0931194,0.0322797,-0.31163186,-0.7508322,1.1125605,-0.00044728816,0.4090461,15.837131,9.454284,-13.614686,-0.5214375,-2.5701394,-2.2388206,-0.5741292
111,0.13087356,-0.028067619,-0.66331166,-0.085237026,-0.38961053,-0.14045656,-0.87427866,-3.5861301,-0.30415127,-0.72007275,4.9532857,1.1979046,5.5418262,-7.7555375
112,-0.39538974,-0.8345599,-0.09927024,-1.3898187,-0.2651043,-0.5066705,12.759651,-1.5467453,-12.730813,-2.7671578,1.4801769,13.826365,9.644928,23.647697
113,-0.44302592,-0.6956893,0.5374273,-0.45425653,-0.5050045,-0.06850804,13.006959,0.14977044,-15.918995,4.023395,-1.4955544,4.6497407,-4.610572,-14.573989
114,-0.36514187,0.20383082,0.20431969,-0.15132405,0.5321448,-0.0971233,6.5018854,1.6728064,-0.11081442,1.6307628,-3.8490422,-1.9745855,1.6168166,0.1806741
115,-0.8269191,-0.9940403,0.3024377,-0.71283877,0.10825309,0.7422229,-3.6176186,1.256615,1.9629223,-14.291573,-6.0803814,2.4645166,-0.32721454,0.38822338
116,-0.42168665,-0.34143066,0.3929323,-0.63930297,-0.5318283,-0.64130026,-6.6461244,-5.066222,2.1049972,-2.8059478,-0.47006592,3.102761,-4.01335,-3.011641
117,-0.010978311,0.33738023,0.09588912,0.41801393,-0.23711391,-0.8212112,-0.1780276,5.529337,2.5466912,-2.1681874,-5.3785934,-1.4682273,1.5600682,0.7705257
118,-0.20713557,-1.0051003,0.35778868,-0.45737615,-0.65003026,-0.38974425,-6.4902987,-5.24049,-2.2879844,6.7754426,-7.0527387,4.089662,-1.7449561,-2.5231597
119,-0.032014653,-0.42743957,0.40146264,0.8093361,-0.1228951,-0.94110537,2.1368957,1.138207,1.9681535,-0.9534791,3.6074975,1.27051,3.895224,7.1634784
120,-0.043712474,-0.52238476,-0.25916758,-0.6357803,-0.3995715,-0.070336536,6.1546974,-2.1687815,3.4464378,0.22242388,8.891927,-2.8834832,-24.334259,2.5384371
121,0.014516845,-0.31175137,0.6084308,-1.1410155,-0.31024164,0.070831895,2.603957,-1.0454917,-1.7570779,-0.5397777,-0.62196374,-1.6215668,-4.3766017,0.05278234
122,-1.1137407,0.16313943,0.64827,-0.5645308,-0.42710674,-0.62904835,-2.0380993,11.522607,-5.045076,1.0939943,4.1319284,-6.170602,0.10241769,-0.64153105
123,-0.35319296,-0.14388749,0.28477862,-0.14887595,0.33902577,0.20661077,-13.428278,-4.0030446,3.4790027,0.7673814,3.2402341,-5.1380515,2.6834264,1.9535562
124,-0.07457426,-1.0102737,0.42047307,-0.4594453,-0.100935556,-0.3811443,32.646187,23.59266,17.15306,-76.44087,-10.297229,-13.092848,8.25321,-6.8785043
125,-0.25379884,-0.35564524,0.17038651,-0.16403201,-0.339831,-0.8022033,-1.6528127,-14.0562935,-2.1857352,2.5068493,-0.6187826,5.743964,-1.369509,6.908614
126,-0.49972475,-0.28830475,0.17491297,-0.44882298,-0.37722653,-0.41819066,9.287725,-16.437426,3.9333146,-2.117201,4.716715,-8.347964,0.41073674,2.3175714
127,-0.39208943,-0.93637824,0.35940117,-0.638664,-0.30663475,-0.019386254,5.402144,-2.8470097,-0.36971164,-2.5900166,4.8588824,1.7241114,0.614715,-2.9290757
128,-0.35870862,0.30726388,-0.057878762,-0.4922635,-0.77237725,0.49815428,-1.9554864,5.545496,1.1650333,0.6824329,-1.8366983,-4.101636,-2.7547426,-1.2943765
129,-0.25280175,0.036701083,0.35149693,-0.24934462,-0.4976749,0.5431993,5.1657195,3.6532505,1.796362,1.1465966,5.78454,-2.517009,0.1846922,-2.7418022
130,0.07329896,0.75740343,0.047403276,-0.54437476,-0.398986,-0.53516525,-3.2065685,-0.6911734,-0.4491151,-1.0634623,-1.8420289,-3.179659,5.5512714,1.0221524
131,-0.6471512,0.13574019,0.3495744,-0.91830313,-0.7683778,-0.3013662,0.15238817,5.570644,2.2145216,13.3228,2.9646075,-0.7392862,6.0651684,1.5238116
132,-1.129082,-0.63312244,0.54075706,-0.9659375,-0.3115071,-0.45578042,40.107788,16.6148,5.9931,-10.282613,0.6450209,-2.0685596,-0.103220165,-1.4326507
133,-0.54018426,-0.31899422,-0.020187102,-0.9085918,-0.15674138,-0.5744077,-19.007505,-26.149979,-3.360129,-6.38031,-21.88726,18.535925,5.8212733,-0.8908453
134,-0.338805,-0.85710543,-0.037141316,-0.3311127,-0.6038298,0.1913013,2.529511,9.682187,2.9808846,-8.713256,-2.1641781,2.391791,-1.2633352,4.811104
135,-0.8613183,-0.48266983,0.11723721,-0.95768577,-0.5596899,-0.15064532,9.640382,7.229419,-55.38509,9.219122,0.38825646,-1.2306511,6.165722,-1.9401801
136,-0.36840826,-0.2399703,0.46055368,-0.48054862,-0.2731331,-0.44777253,0.003655672,4.2438827,-1.3292446,1.9110415,3.4678326,0.9798243,-5.024792,-3.197787
137,-0.07258818,-0.4779086,0.3081881,-0.8393239,-0.49028948,-0.10092804,-10.004936,0.0457877,20.43339,-7.9944153,-1.1881629,-6.643774,10.985438,8.296299
138,-0.14824507,-0.026193619,-0.1584821,-0.34771943,-0.5820004,0.2962625,4.630201,-1.9107981,-0.52512074,-5.406285,6.6488633,5.362716,-3.8469946,-1.8967041
139,-0.51494956,-0.62833416,0.19429111,-0.9104922,-0.5064912,-0.33590153,-6.017623,3.4988263,-4.7437186,-16.84517,6.1245236,-3.7184064,4.1972837,-3.1082284
140,-0.08286978,-0.21857157,0.024537884,-0.7622124,-0.46331078,-0.45014876,0.7834953,-1.3590837,-0.15945092,-7.816557,-3.7289994,5.368677,6.541558,-3.519556
141,0.039333113,0.6123158,0.07647923,-0.02491127,-0.5209798,0.77318144,0.28737268,4.1784616,4.681259,2.1237671,-2.359423,6.567902,5.5482574,1.0884802
142,-0.33954886,-0.46935365,0.010406435,-0.043140158,-0.3132342,-0.7872257,-3.2714922,1.9675577,7.378985,-1.7028807,8.351946,-0.82155555,1.0837437,1.9859613
143,0.8273637,-0.4508813,0.1824547,-0.55442303,-0.6883584,-0.10684538,-1.5855398,-1.5439103,1.7053788,-1.3394021,-7.064059,4.3732915,-3.3704398,1.8710312
144,0.6841332,-0.4805501,0.16274826,-0.5348691,0.07135962,0.9090879,5.1463194,-0.43355328,2.0676007,4.477446,-11.540194,-1.5205328,-14.141876,0.83036983
145,-0.23842904,-0.883502,0.9502255,0.17240423,-0.5900363,0.3578646,-1.4867013,0.25640768,0.4784207,1.2670681,-3.7840364,2.0227375,-0.5501193,-2.1671178
146,-0.16564754,-0.23122706,-0.14584446,-0.8163503,-0.45531976,0.3059513,3.213484,-0.67807174,-6.540284,0.6808382,12.501155,1.8297952,-3.4405813,-7.3929267
147,-1.1947519,0.0159733,0.5798722,-0.93267727,-0.32884476,-0.17901349,2.0728786,1.6698971,0.69082516,2.697014,-5.9009395,-6.1752157,2.599746,1.4105403
148,-0.32751623,-0.76480633,0.16928321,-0.31930476,-0.69862616,0.08260071,-5.054318,-2.7905,3.5784318,1.6226985,5.0381308,1.1176933,-8.502743,-3.9761944
149,0.033737555,-0.8000339,0.03887696,-0.37271482,-0.14925592,0.2789412,-0.14950621,0.065331,6.6152267,0.32407123,3.1502864,6.1700788,1.8412224,4.114956
150,0.12795445,-0.7137339,0.22920196,0.21982627,0.06173297,0.28517047,-3.010765,4.421355,-0.29837483,-2.9296477,1.3952458,0.6594289,0.9039141,-2.0858328
151,-0.44619906,0.014442025,0.056652516,0.04564058,-0.58598554,0.084987864,-1.0619819,-1.4528964,0.8023678,-0.77942264,3.3765445,5.5592546,3.9347878,0.6740183
152,-0.37071216,-0.43737614,0.22104186,-0.52276266,-1.0353392,-0.009440377,14.485314,2.2162688,0.9274617,3.6251588,1.1922525,5.6174192,6.0296593,5.887174
153,-0.56125796,0.97445333,-0.025691438,-0.3278064,-0.07900214,-0.9336824,-9.401523,-2.8124514,0.64970565,-10.876956,5.9118447,-4.4999847,4.120763,0.20998621
154,-0.15388781,-0.7665558,0.750011,-0.27526844,-0.15652019,-0.30583292,-1.950926,17.685654,-3.2372727,4.4415226,-9.414155,-1.9850144,-4.0957966,-10.670705
155,-0.749385,-0.82855415,0.012564316,-0.77148676,-0.010840107,-0.77023613,23.431204,10.93475,29.79394,-19.303,5.5823236,-12.706783,-5.3071294,-1.0435311
156,-0.33094203,0.1336385,-0.37260643,-0.21134499,-0.23133737,0.010472387,-3.0105503,-7.3312845,0.09757754,-3.3533065,-1.0502932,-2.0163045,2.6316376,-4.929946
157,-0.8548174,-0.6472498,0.04464768,-0.22625032,0.113180965,-0.35240138,3.890224,-1.0461345,-0.43081594,8.624404,-2.7031872,9.978685,-4.117942,-11.930646
158,-0.6834456,-0.3654917,0.07547918,-0.65776396,0.0037562884,0.5456748,-12.793369,2.1413345,-3.543866,4.0126677,-4.256657,2.3531356,-6.275229,0.24917628
159,-0.6811439,-0.40922076,-0.22415377,-0.44729277,-0.21845216,1.0181086,-0.7472204,-5.436749,-0.47213793,0.72527355,-0.85103506,-9.982716,6.86789,21.810303
160,-0.3757702,-0.6886227,0.2521364,-0.39844042,-0.74964917,-0.29064864,14.93803,0.10229312,-16.453646,-1.4168863,2.0915189,-7.1182327,-2.4731653,-0.23835859
161,0.1530796,-0.6452015,0.011226431,-0.1444926,-1.1026548,-0.261102,5.9877853,-1.228354,5.769661,-8.295626,-4.3688974,-0.16157761,0.2832874,0.2535491
162,-0.24524862,-0.22162896,0.771078,0.03875067,-0.55305433,0.36451837,11.285606,-6.540772,-13.451834,-0.23540436,0.893973,0.84963554,1.4512157,2.8245249
163,-0.050329,0.18651403,0.062192217,-0.7959997,-0.2844443,0.13968892,6.0311813,1.2723541,-1.8571677,-2.8511524,-0.19301587,-0.15432236,-3.4888449,1.0612851
164,-0.19357577,-0.3355412,0.5217363,-0.7259531,-0.30556086,-0.5662602,-2.880283,-2.1610003,3.8436484,-0.64204264,-1.2263812,2.054791,3.0329196,-9.041952
165,0.2153016,0.16811907,-0.07611826,-0.9422686,-0.109761834,0.07497339,-1.6018959,3.288442,2.2767677,0.17708805,-0.24764076,-0.022204593,0.9272896,0.43312424
166,-0.13613117,-0.6314196,0.3974143,-0.58495134,0.0015012026,-0.20916283,-0.26737037,-7.374294,-6.3109827,-4.486105,6.369113,6.0519342,-5.0926867,-0.2782165
167,-0.3732416,-0.8453992,0.016292334,-0.4524449,-0.3424756,-0.2753306,-3.9879055,3.9638286,9.564856,-12.406738,11.4605,-4.0788884,-0.406212,0.42145094
168,0.12614046,-0.26520905,0.20351693,-0.060248785,-0.5591668,-0.28306478,0.7836979,1.9173081,-0.66668016,-0.027389526,4.271531,0.7953614,-0.8774749,6.2395115
169,-0.36582989,-0.25727785,0.44976285,-0.90790856,-0.41267437,-0.4042152,3.453796,-8.902033,-3.5560656,21.068928,6.7941036,1.1029655,0.43974152,-6.8262167
170,-0.08347606,0.12936588,-0.2661907,-0.89920914,-0.14367932,-0.36549026,2.4306836,4.921015,-0.74447906,-2.895274,11.028773,1.2925751,0.031383663,-2.919435
171,0.04805234,-0.7203305,-0.07164066,-0.12864,-0.18107717,0.15239502,17.906462,-8.742988,-9.112258,-6.9783792,-2.0672762,4.408669,-4.641949,-2.1094894
172,0.40851748,-0.154319,-0.04754764,-0.43266127,0.58861727,0.5380509,2.4286678,-8.298334,3.388803,-2.4088552,-4.67286,-3.4138513,2.5951302,-6.603131
173,-0.24255763,-0.1196509,0.68581903,-0.48156562,0.1527887,0.16516355,-2.787614,-2.9435093,-4.53486,0.64291537,1.573456,0.7905692,1.2840403,-0.22627127
174,-0.5895128,-0.06549619,0.13802359,-0.44473043,0.073329166,-0.25632864,0.6391015,-4.588117,1.3422282,1.4114763,9.156484,-1.2572622,-12.097172,10.612932
175,-0.6675903,-0.29126462,-0.25291577,-0.7425714,-0.023496956,-0.7171947,-3.3227243,-0.13788277,2.8686912,0.73990434,-9.773961,7.132099,15.005973,-3.7999918
176,-0.14660838,-0.29386753,0.0054066973,-0.5664871,-0.5633594,-0.44929633,-2.1570132,4.707292,-1.4274833,0.29065225,-10.37384,11.772562,-1.1564374,15.91543
177,-0.02220267,-0.28239876,-0.0763539,-0.53177404,-0.23375836,-0.09501934,2.7055864,-4.664809,-3.2362163,-1.4951284,0.90659297,9.6929455,-5.3196526,3.0344982
178,-0.31980333,-0.08035424,0.75163674,-1.1958805,0.02219171,-1.0337019,-0.57715964,0.5691633,-0.2710692,-6.507793,2.3444793,-1.292568,-0.48799318,-1.4458029
179,-0.17247875,-0.7492125,0.33176523,-1.2026405,-0.3424394,0.26757848,-5.842303,13.691596,-1.8187797,2.1573224,5.1515145,6.173334,-4.919042,-10.852308
180,-0.9714519,-0.2520859,0.021593943,-0.95802796,-0.025112256,-0.22440623,1.1386288,1.0647635,1.7944856,5.875518,-2.1925983,10.360224,-8.3710985,1.4519475
181,-0.17023066,-0.48595563,0.03114438,-0.51900136,-0.10246305,-0.68631214,3.170792,-2.8414187,2.2504716,-0.8895745,3.1731377,-3.3606417,4.66936,-16.867617
182,0.19216704,0.3367946,-0.2515033,-0.9226727,-0.411498,0.51834613,-1.1700375,1.2999063,2.084744,1.1035002,4.9151587,7.487024,-6.773485,1.0085292
183,-0.2163331,-0.17058572,-0.08696985,-0.52453756,-0.6379947,-0.6352546,-3.0068998,3.7154891,6.157994,-0.04572203,9.884796,4.445688,2.324661,-1.5263531
184,-0.4724657,0.3342618,0.16828576,-0.22988005,-0.63026327,0.30807257,4.228149,4.0661545,4.5675106,23.627522,1.3585954,4.4508543,-0.72821796,-2.2761579
185,-0.67871207,-0.3087828,0.5876438,-0.24017674,-0.6065494,0.19571152,-3.915128,0.9036657,2.0918128,0.072500154,0.3802684,-0.063016646,7.6361995,-0.3354058
186,-0.46080768,-1.0225365,0.48420966,-0.8463861,-0.36258224,0.1485241,-3.6609457,-0.47680205,-3.0602036,-2.1186779,-2.2773802,-5.2545333,-3.200518,0.12099925
187,-0.15962788,0.106020406,-0.37054563,-0.50406754,-0.17834516,-0.5844123,-12.802027,-2.3513217,3.2662117,-0.12460019,5.3515596,1.1954035,0.37350017,1.7903194
188,-0.678298,-0.10812567,-0.16584153,-0.46031842,-0.29938176,0.11329454,-2.2343218,-1.7573501,2.008386,-1.5967503,-1.703037,-0.25217912,-3.1461136,3.4391685
189,-0.92836857,-0.6833898,0.12820794,-0.0128683895,-0.49503773,-1.7779601,0.8197465,-4.8968763,3.4389074,-6.7523565,1.7738988,-1.1388283,5.892504,-4.923769
190,-0.53226626,-0.8241362,0.0034763366,-0.37231186,-0.30618215,-0.5312928,0.7246425,0.98519933,-2.0567443,-2.0328598,26.408909,4.6680627,-17.040066,3.2537572
191,0.4094793,0.571491,0.66041553,0.16482265,-0.20726924,0.48703212,-0.78241986,1.016496,-0.57179236,3.1237526,0.21147798,-0.8935798,-2.5599632,5.851515
192,-0.3819188,0.14630131,0.24910441,-0.39649448,0.59278953,-0.20116048,-1.9623568,8.894184,-2.4247155,7.767278,0.29192358,-3.3009748,3.4262483,0.67836374
193,-0.07314807,-0.09645014,0.48402345,-0.5105861,0.113320105,-0.3368512,10.508201,-14.197452,-4.388619,2.870013,-1.6354219,15.146941,0.808436,-19.743416
194,0.17613895,-0.14685026,0.02073881,-0.6885015,-0.7816638,-0.058545142,-0.5067058,-21.598896,-7.0122924,1.3549695,33.703423,-4.066775,-0.56035393,4.9547997
195,0.20270449,0.12088192,-0.102275014,-0.31190717,-0.37961322,0.5650808,3.8676815,-3.8954988,-2.5962226,9.1734085,3.3268726,3.2886038,0.06403854,-1.1674101
196,-0.7993604,-0.021235764,0.013459295,-0.33668214,-0.32976907,-0.26751527,-5.682121,-2.9799237,0.033118673,-4.592696,1.8411294,7.4011674,1.4316293,-0.5522542
197,-0.19371313,-0.47065914,0.7021308,-0.8057402,-0.6559951,-0.14935273,-7.42064,1.4286762,-4.0588207,-6.0198994,2.2669854,-1.167346,1.3764071,3.4012396
198,-0.49836794,-0.5123012,0.2541495,-0.56424135,-0.19851,-0.05389017,1.5999637,8.973367,2.2886198,4.928807,12.624423,-8.089933,-8.272638,11.875946
199,0.012698874,-0.8996575,-0.70063156,-0.43477857,-0.27713358,0.15274215,0.38888466,1.242256,-2.4533427,3.9351387,-3.0984764,-1.9545646,-0.8233637,2.3942606
200,-1.0489717,-0.20402272,-0.4602863,-0.69462353,0.420959,-0.17731294,16.355225,-0.9625973,-4.6791854,1.774562,-0.99723315,-1.7746499,0.37249893,0.14595202
201,0.08327827,-0.3925937,0.14356786,-1.0633714,0.035779133,0.041678682,0.78877795,-3.1978526,-1.4551052,0.7380893,-1.775388,-7.7423363,-0.31292695,2.3807807
202,-0.5085074,-0.42199528,-0.017160192,-0.72778684,-0.42218846,-0.5165864,-3.0364895,-0.271986,-0.035960242,-0.3574487,31.018896,-6.1295195,-7.6214743,2.3895054
203,-0.08251831,-0.23383543,0.09012634,-0.023739398,-0.3270867,0.12828083,-3.3313,-1.3869838,-0.3959819,-8.602328,2.019794,3.5079165,-6.0056386,7.3875237
204,-0.59608537,-1.0603021,0.46169427,0.13672996,-0.0066170394,-0.0076890774,3.184759,3.2079449,-6.823088,-1.876944,7.948313,-4.1258993,-2.547218,2.127326
205,0.06622018,-0.5278131,-0.24331371,-0.34810656,-0.6603377,-0.68064845,-1.1575564,-1.5012755,0.70750654,-1.0105956,-1.6454749,0.024445804,6.4191966,-2.7973232
206,-0.5388903,-0.674947,0.3736965,-0.99533945,-0.31059843,0.37088314,-5.2996783,9.720317,3.3445058,-4.097458,0.33002362,-18.717022,1.5183649,-27.932386
207,0.30916688,0.16656974,0.47381645,-0.25638258,-0.7329798,-0.22505015,-3.5541124,-3.9550948,3.0314262,-0.21370023,2.2307808,-3.4581556,0.5726413,-1.4046158
208,-0.27771807,-0.9973268,0.52598995,-0.25212932,-0.5927462,-0.893555,-0.042550325,-4.513025,5.540576,-0.6950238,3.0570478,3.2449083,4.5899343,0.53342587
209,0.048715413,-0.16284686,0.10883998,-0.38557106,-0.18189248,0.5157682,3.417918,-6.9125323,2.1790767,-1.1372323,-3.414943,-9.468461,0.6775158,5.307324
210,-0.57905173,-0.16720802,0.02734682,0.07125517,0.29772633,0.013361819,3.0971437,3.301126,-1.6119561,1.4920112,3.0219045,-0.37610918,-1.3980718,-8.25447
211,-0.125601,-0.60533094,0.4350865,-0.703546,-0.079191424,-0.21848111,-3.7289243,-4.646644,2.4634423,1.1614785,-4.156072,0.17998339,-1.8088849,-1.2025844
212,-0.2370075,-0.24255061,0.6628027,-0.6063858,-0.32556784,0.19928834,-1.9303184,1.9894966,-1.5372424,-5.3871155,0.44983873,1.6466856,-2.701306,4.7729564
213,-0.3291511,-0.18986374,0.21937266,-0.74905944,0.03596115,-0.8151542,9.090837,3.6808963,-3.1288974,0.3638811,-1.2670076,0.59750193,1.1483355,-1.9445982
214,0.11014073,-0.25511825,-0.029235065,0.37078473,-0.2251997,0.5276404,6.220627,-7.4700294,2.4570327,0.68598,-4.530237,-2.9018018,2.7332597,-1.3164932
215,-0.22152397,-0.27203718,0.053965732,0.16718774,0.19834629,-0.5304355,5.7552686,0.59221876,0.12681006,2.791666,-2.9991884,-0.28171706,2.45653,2.3657436
216,-0.54420507,-0.7112162,-0.0997656,-0.06420547,-0.60666406,-0.3883624,-1.2495221,-6.3920636,-4.453831,10.088842,0.3688792,0.33193842,-5.6487694,-2.2862344
217,0.4620932,-0.2020768,0.24237886,-0.59654266,-0.21533802,-0.25674117,-0.7910336,-0.28306943,-12.136249,-2.543816,-6.6094103,-7.286323,-6.2203865,0.7872299
218,-0.20924847,-1.0174552,0.28765815,-0.18070124,-0.7121198,-0.07936582,6.850491,-4.105647,0.5487007,-4.1023936,-1.4519143,-5.382587,-4.75477,2.2187874
219,-1.0011615,0.45292398,-0.09194751,-0.68160665,-0.14962465,-0.67887896,-10.687705,-6.9240007,-4.229038,3.2430062,10.748387,-1.1897684,-3.1201463,-10.04427
220,-0.8767196,0.11901419,0.27274173,-0.48126084,-0.41863024,0.25158268,-1.9510229,17.493486,-2.4884923,-2.9903703,-0.20839804,9.213716,5.288982,2.889385
221,-0.2699252,-0.42862177,-0.29546094,-0.031627342,0.05957374,0.23159677,2.4442713,1.3284452,-1.0214541,2.3689046,-0.8851581,-1.327801,4.9996905,-4.0295677
222,-0.32224542,-0.11788252,0.60858923,-0.16502982,-0.49666953,0.23915213,-2.7814553,1.1905755,1.5432429,3.2963016,-16.49617,1.9371892,-3.5691345,24.446814
223,-0.63718474,-0.19144955,-0.07259947,-0.052068636,-0.20603096,-0.26417124,3.4743755,3.647411,2.0215068,14.48657,-0.57816595,1.7338021,-2.396319,2.6562572
224,-0.4586956,-1.0560875,0.026400637,-0.63057625,-0.3761507,-0.08336927,10.667364,-12.988842,9.044252,8.047829,1.0456387,-0.22977565,-5.507762,-2.3896408
225,-0.16148748,-0.4635601,-0.16070272,-0.34975004,-0.23477773,-0.7661581,5.961353,0.053469352,-2.508501,-0.71572536,9.565945,5.898063,0.8437321,10.983864
226,-0.36603612,-0.17857817,-0.20483805,-0.34276283,-0.726423,0.3121165,-0.20766601,-15.262668,-7.169803,9.320467,5.6702003,-2.6006165,2.8987498,3.8126578
227,0.48432186,-0.044569373,0.66792476,-0.4373423,-0.097249776,-0.84018046,2.3539867,-0.0749286,-0.8717601,4.2781587,0.521178,2.47304,-0.15723842,-4.120851
228,0.111177124,-1.3827635,-0.06563114,-0.3872977,-0.16652472,0.8347343,0.097281046,4.822132,0.0071047246,-0.21874857,2.1869242,-1.1600807,2.7173858,-0.19952431
229,0.4781016,0.077246904,0.3855978,-0.7284517,-0.37793672,0.9310685,3.6618373,-4.00977,-1.3499871,-2.5223064,-1.2760115,0.728989,-1.5275837,-0.9925999
230,-0.99947053,-1.2953401,-0.027863739,-0.7149612,-0.3996544,-0.16951859,22.071712,-7.8351007,0.7145663,-8.057505,0.3378464,1.2851937,-2.0180445,3.9975505
231,-0.5894056,-0.055007294,0.18245804,-0.42000026,-0.6848227,-0.37905723,-7.634218,-2.0236363,18.430553,2.841161,3.5884995,-3.0475852,9.1126,1.5686421
232,-0.41826016,0.07516542,0.1802391,-0.691923,-0.528968,-0.25026208,5.5338435,1.4323592,1.1457323,-2.515974,0.24820705,-3.4264867,5.2571793,-2.3058677
233,-0.35249257,0.018851219,0.043522567,-0.19570571,-0.25048447,0.39431208,-1.445397,-12.840115,4.7665486,2.570949,1.3200129,2.9004781,-4.798387,4.7316046
234,-0.18664154,-0.7993016,0.19317931,-0.35029724,-0.13198756,-0.2013725,2.2059898,2.3529518,-1.8353165,-0.20375757,-0.89503574,2.3385406,-4.6707554,6.5522313
235,-0.2521724,-0.7788513,0.09996555,-0.56930315,-0.19887212,-0.8468194,10.03285,5.326522,15.14367,-11.437193,-3.8741608,1.0855136,-6.049454,2.412943
236,-0.58434415,0.048095584,0.06867316,-0.8814791,-0.16949329,0.59327173,-5.0040817,-6.628893,1.5695555,0.7736335,-12.297663,3.8151097,-1.3680346,0.9311466
237,-0.39299452,-0.60600245,-0.25942084,-0.7256423,-0.32772788,-0.17669886,3.0595493,-9.11339,4.079799,5.6134667,6.283734,-0.14697218,-1.2361573,-2.3682625
238,-0.5424758,-0.26344645,-0.23136017,-0.57266086,-0.084069744,-0.45313674,-9.848435,12.700541,2.3968422,15.915335,1.1712096,2.5460424,-1.4097788,-1.1876774
239,0.60232764,-0.33476263,0.45277703,-0.37875348,-0.051959425,-1.3098831,8.944336,5.7295747,0.032301664,-3.7489731,3.693702,-2.495523,-5.1529236,4.972945
240,-0.25306594,-0.045187235,0.60535204,-0.46272758,0.270389,-0.37936723,-6.992084,-2.3146567,3.4318833,-8.49027,-4.613834,1.685818,1.1523844,2.4241586
241,-0.28490865,-0.49106923,-0.06253818,-0.9773682,-0.16176474,-0.28683317,17.394405,7.1012287,1.960288,1.9671621,5.2142916,-6.8352265,10.762285,-1.0771929
242,0.20391828,-0.94195825,-0.14067188,-0.20276868,-0.9857158,0.30415383,1.4343412,5.0710263,2.426364,0.89971375,-1.8255057,-1.7657058,5.6585803,-5.7243032
243,-0.7034049,-0.4333932,0.01557897,-0.5189532,-0.5927074,0.057897806,4.2699676,-3.054418,3.1007745,4.272104,-18.185366,-12.960352,-21.233713,17.675573
244,0.21415977,-0.6631006,-0.2012738,-0.2752335,-0.36865577,-0.47422767,-2.4421654,-0.24344689,1.6871765,1.392953,9.38508,4.4725385,3.226456,5.469339
245,0.16162243,-0.12828851,0.60700107,-0.6418304,0.008358389,-0.28605402,-2.4993465,-3.9091394,-2.0088131,-3.1452394,10.2371025,-1.9567019,6.611213,0.61589277
246,-0.45058265,-0.5335633,0.20577633,-0.4541725,-0.33700588,0.37648773,0.8342289,2.9553058,1.1452736,12.685346,16.998732,1.2576612,2.0166028,4.52023
247,-0.46313792,-0.27216724,0.4008038,-0.63097334,-0.34690088,-0.19474316,-5.2538905,-1.8574226,-6.756213,-1.3068011,6.5616436,-3.8027859,5.2001486,6.2402864
248,-0.18446866,-0.6660093,0.16326731,-0.87444115,-1.0245409,-0.38414454,0.96673083,-3.5885925,4.838688,2.5185802,3.042632,1.6984588,4.4266167,9.603344
249,0.39640835,-0.12229035,0.9560386,-0.24242489,-0.5963243,0.67279637,0.75896096,0.15739593,-0.7435414,10.650218,1.7132087,-5.1777062,0.38878697,-4.822128
250,-0.088958815,0.3562141,0.046596535,-0.4654677,-0.6194316,0.37134227,-0.47935522,7.8701425,0.93324184,6.4415917,0.024181766,-0.92551225,-1.5923501,-3.362435
251,-0.4206118,-0.5111952,0.023807727,-0.16442282,-0.77385557,0.25972787,2.06499,-2.341631,-0.4091055,-2.6810777,-3.8742325,2.99093,-1.4060601,-0.98864174
252,0.15916935,0.21725565,-0.47622705,-0.2391096,-0.09270041,-0.33922854,1.548416,1.0684972,-0.27379572,-2.4481232,-9.166207,-3.258515,0.28392082,-2.9904726
253,-0.124398485,-0.5699675,0.031370334,-0.07778379,-0.67696273,-0.8299016,1.8825382,-2.8446262,-14.227915,0.42678314,0.07068798,-0.62279266,-2.0682762,1.6558968
254,-0.41037405,-0.1332123,-0.07715303,-0.10464984,-0.42122972,0.28161445,-4.6712947,4.5250826,0.58856213,-0.49104595,-1.838338,2.3254676,5.1277113,-9.912422
255,-0.6356475,-0.44823626,0.96979624,-1.152366,-0.54925734,0.2875135,6.7949953,2.5249069,-2.623018,-1.9985269,-6.824462,-2.706619,18.63741,5.994838
256,-0.5114768,-0.07325323,-0.090221986,-0.57842964,-0.10733569,1.036576,0.063119635,2.9784017,-5.204452,-0.49615592,-1.537389,-1.5733912,3.3243177,-1.5114892
257,-1.0777719,0.7671378,-0.6118814,0.08191572,-0.22986822,0.11627999,-5.346645,0.14214587,-4.9249377,-2.479947,-1.0428119,-0.8477659,-2.1226544,0.687716
258,-0.36145714,-0.0630822,-0.31905156,-1.0006287,0.36845282,-0.4472244,1.8504825,0.20863268,-0.6347321,-1.4101369,-7.6901536,0.5546593,3.8967662,1.9403093
259,-0.73949116,-0.5500361,-0.3630561,-0.3470358,-0.8217035,0.043272234,2.4303083,1.6600182,-3.7922828,4.1953025,-2.005803,34.489216,-3.9959402,2.9800599
260,-0.032865167,0.020505257,0.58832,-0.3967674,-0.23500644,-0.3742159,0.37192658,0.45431054,6.9895954,4.167105,3.6958754,-9.878733,-3.437231,1.8854498
261,-0.4892661,-0.42337757,0.07906001,-0.25638166,-0.814507,-0.17066398,-6.0483365,-3.6466026,-4.571369,-8.63557,8.161082,2.5796008,-3.685203,3.9932694
262,-0.34624454,0.020037398,0.8320279,0.0961029,-0.42975065,1.5132709,-3.212029,-5.3869886,-2.4259117,-3.644799,-2.7845771,-1.7393892,4.2085996,1.645881
263,-0.4582764,-0.64560056,1.1331651,-0.59363425,-0.13412258,0.4634038,6.2228603,-3.438868,0.92281413,-1.1145146,-0.62874097,-3.8134496,0.57669026,9.565722
264,-0.12480414,0.032159537,-0.13624594,-1.035737,-0.51634705,0.6313465,1.2967917,-1.6436641,-0.8436344,-0.66097605,-4.6111712,-2.5748515,5.6200867,-9.35859
265,-0.58440197,-1.1509789,0.14933592,-0.51159954,0.07097913,-0.35309488,-11.849897,7.219467,3.8466487,3.783799,-0.38764197,-2.2237782,-2.8002295,-8.5172205
266,-0.35881004,-0.25610393,-0.07036315,-0.67972004,0.056474447,-0.027257636,2.9535108,-5.140636,0.6779031,1.1301116,-0.48911318,-3.4836063,7.833912,-0.5538486
267,-0.2475197,-0.022293694,0.18298832,-0.030262582,0.16815557,0.010715261,1.4316827,-2.7159996,-2.0252233,-0.1312951,-13.085928,-5.80566,-5.9878345,2.7408986
268,-0.39815617,-0.38035095,0.378898,-0.6611311,0.08656903,-0.40084797,15.681347,-8.927035,-9.602949,6.9097953,-2.559908,3.1764414,9.163937,-6.8903008
269,-0.13548896,-0.03948793,0.30371025,-0.8674824,-0.86553884,0.2679757,-76.23002,47.025196,-85.252075,135.06718,-2.4377987,-3.5031776,-2.3964524,-0.86686933
270,-1.1075305,-0.29706806,0.18756925,-0.70339817,-0.15762474,0.04625602,0.8639696,0.096383706,6.852652,2.1526945,3.3689861,0.8449317,-2.7551365,-10.084629
271,-0.60493815,-0.54442674,0.046715982,-0.4262758,-0.52768457,0.23095435,-0.1491051,5.6499705,0.9770317,6.199925,10.20037,13.36023,0.42676812,-0.87025905
272,-0.93738043,-0.40650398,0.43919468,-0.14972404,-0.13459629,-0.062884785,-0.13668881,0.37307814,-0.30334085,-1.9110093,7.210656,12.738659,-14.005112,-8.383459
273,0.016637295,-0.26018953,-0.06957418,-0.7228332,-0.68516594,0.4713272,-3.3740635,3.2791934,2.057847,0.15795082,-1.3215818,6.2870126,3.8442252,3.539102
274,-0.17409337,-0.55974114,-0.005947113,-0.6159584,-0.11744191,-0.2746109,-0.32964867,0.21363321,-2.5223777,0.6051179,8.265975,4.867409,3.7539942,-2.6121712
275,-0.013601035,-0.06490846,0.18669848,-0.81647646,-0.40441656,-0.68198144,5.0365925,-4.4136596,-5.9136996,0.40409723,-6.632368,3.885217,1.4116371,-3.5124521
276,0.01931879,-0.2829578,-0.4486211,-0.12599258,-0.5154758,-1.1369541,0.8503864,8.01277,-2.7179365,3.8953702,-1.8363445,0.04686953,0.54273945,1.7351804
277,-0.28575066,-0.16030927,0.58873093,-0.5075712,-0.56150734,0.13519424,3.2784307,2.8023937,1.0720105,0.41371545,-12.845986,-0.51126426,-3.258031,-1.5263246
278,0.19655403,0.20031731,-0.16623098,-0.66769975,-0.35002017,0.4610067,0.5691029,-5.0931892,1.1445144,-2.248633,-0.06307502,3.0244153,0.473536,-2.1801882
279,-0.9251318,0.06441869,0.4343769,-0.35767162,-0.30435115,-0.17274463,-4.437122,1.9571023,-3.2564573,-4.1492214,-1.4828166,-5.3524675,-0.88102186,-3.6374505
280,-0.9717526,-0.48862737,0.2910687,-0.59580535,-0.21192068,-0.40978676,-11.571249,-0.020702481,-2.8208265,19.863752,0.2460024,-9.041236,-1.9191849,-0.5241282
281,-0.15613553,-0.26083797,-0.03381445,0.078705,-0.084013246,-0.8030022,-1.3457226,11.808207,3.1727195,-3.5953786,6.025804,1.7588038,0.15895551,7.1087923
282,-0.20007935,-0.5646355,0.096175164,-0.11201675,0.0153951645,0.47269607,-4.3568015,-9.045295,9.77567,-4.112887,2.1477642,0.4767467,-0.09915004,-4.584706
283,-0.8531101,-0.6067613,0.016626595,-0.41890892,-0.2755761,-0.15820405,-7.4038053,-21.901571,-7.6291637,1.708648,2.011451,-6.300885,-1.0169948,-2.479241
284,0.04310596,-0.917319,0.7017267,-0.08230056,-0.18997966,0.74902153,-3.3033872,-3.8039973,4.000456,-3.0973897,2.700679,3.9775317,1.6703178,0.7695322
285,-0.34914798,-0.9166424,0.5333246,-0.4753034,-0.049347576,-0.079637155,-5.267892,-8.601636,-1.3739021,-1.3094575,-0.7060004,6.6812778,2.1037257,-6.1815457
286,0.27581105,-0.19918083,-0.22081631,-0.058787256,-0.7516081,-0.7915723,0.625361,-0.49503475,1.7432691,4.193165,23.440083,2.275898,5.5036387,2.5853539
287,-0.13219044,-0.047514126,-0.30456412,0.26555753,0.50343865,-1.376313,0.086096,-0.68102956,1.3564559,1.842278,2.2158685,6.0334578,1.5400681,1.615984
288,-0.6771025,0.17429003,-0.13661298,-0.4258588,-0.49280313,-0.16211137,-20.11123,6.9669924,9.810749,-17.603874,-5.068547,-4.1350923,-3.7564154,-6.671067
289,0.45944726,-0.72226727,0.4050403,-0.722656,-0.48653206,-1.0998938,6.066261,5.1351843,-4.2889905,4.5433764,-5.2205205,3.2766488,-1.3605752,2.4116035
290,-1.1022673,-0.23493358,0.16746108,-1.210465,0.037238576,0.29815263,3.3196614,0.14391528,-1.6745398,-0.9699062,5.1909156,-0.78697014,3.7992663,0.26812333
291,-0.098478876,-0.5088528,-0.32537335,-0.6886538,-1.0157108,-0.26058733,2.6705897,17.673841,3.4670208,-1.2308984,-1.2840123,-2.3011339,4.6897182,-2.9056022
292,0.103386015,-0.037764523,0.1251726,-0.07948884,0.31904057,-0.69799817,5.931977,-3.5295937,0.64187276,2.953941,0.57115453,-3.411855,-4.192399,7.111778
293,-0.53469,-0.5210955,0.23257491,-0.97561884,-0.97754323,-0.4900329,5.9111104,3.3168552,0.974465,-0.6277206,-6.399003,-3.8331914,-3.0999205,4.086075
294,0.014669906,-0.04998014,0.042853184,-0.7061902,0.043720126,-0.4358796,-7.257538,2.1960433,13.60926,9.96364,-11.475397,-8.87444,-0.8260856,2.3603718
295,-0.5496719,-0.25606778,0.3502717,0.03860955,-0.04379861,-0.10592073,2.163221,-6.3485303,-5.6442733,0.17230247,3.4256604,-3.1353757,0.67383444,0.13414952
296,-0.19536956,-0.1395334,0.17874548,0.20943195,-0.51042265,0.04230942,-0.17264256,3.650244,-4.1908526,2.0184298,-9.497735,0.32421643,1.9489279,-0.27736866
297,-0.6982505,-0.55907094,-0.12235263,-0.40600333,-0.32911417,-0.17195542,-3.6553502,3.031401,1.9902085,-9.951985,0.05689524,0.34170645,1.9629714,-2.1032815
298,0.122785345,0.095230766,0.37050152,-0.9927784,-0.16419147,-0.49528205,-1.5396131,2.2419748,-2.9225898,-0.5522094,1.5793948,-3.4758732,-2.4905264,-0.2062481
299,0.3736493,-0.3685482,-0.011901632,-1.2192112,-0.73525524,-0.06294993,-4.816409,0.74944335,-2.6171868,-6.8492,-3.4330866,-0.6398608,-0.319137,1.0900116
300,0.32540062,-0.40374762,0.5603353,-0.98172486,-0.068709165,0.012460511,1.1511278,2.4592767,-2.1624084,0.84364253,0.6932935,0.7457819,-5.130313,-2.2754939
301,-0.28161705,-0.075424016,0.51841044,-0.6220894,0.44394916,-0.2100955,5.944156,0.52777314,4.036959,4.249504,-2.71428,1.0426785,-1.1947356,-4.605766
302,-0.42460272,0.47371918,-0.24320023,-0.9653518,-0.82866806,-0.045743234,4.658598,-2.0252929,3.0016081,1.3857608,-1.955433,-29.62889,3.6517215,8.283132
303,-0.112795204,-0.27866262,0.900456,-0.7281627,-0.08418736,1.0737351,-8.698378,-2.1299257,-1.5989071,8.760678,10.778626,-26.151495,-25.32328,-16.19309
304,-0.18536429,-0.6852948,0.069896996,-0.28056738,-0.67189467,0.13882877,-3.6298246,-4.098575,8.496494,7.8256702,-2.2751837,-2.157525,2.8538897,-2.1053169
305,-0.51051337,-0.03790641,0.32847428,-0.10963423,0.14844933,-0.51101214,4.3412185,-2.9916856,8.349812,5.496628,-3.0218759,1.8054843,1.8450577,1.1782026
306,-0.43310454,-0.73587275,-0.015460197,0.15844324,-0.32287785,0.72153723,9.045784,-2.3722908,2.186636,8.821267,3.066303,-1.6253922,1.1174669,-2.411999
307,-0.74746436,0.43489835,-0.271272,0.02305603,-0.19415954,0.2452943,-0.60490775,-0.14388794,0.6706491,-1.7227715,1.0498011,10.246351,-4.923939,-8.463247
308,-0.17541249,-0.34146535,-0.5742713,-0.4136819,-0.35203418,-0.12969835,1.2688167,-1.4477904,-4.730146,4.8588004,-0.5322401,-0.33623493,-1.5968994,4.7379184
309,-0.2568903,-0.21390194,-0.08594747,-1.0516082,0.31301355,-0.16486457,-3.474605,-5.8510113,5.955479,-4.5870934,2.8461587,3.7906318,0.7775449,0.68900776
310,-0.34485132,0.10125776,-0.18821575,-0.4975856,-0.47667682,-0.35258743,3.1620128,2.211221,-1.2471066,2.2013025,0.45831183,-1.4539052,13.875297,1.3185654
311,-0.7581838,-0.2660202,0.0037306622,-0.7924808,-0.35887206,-0.2964705,-12.165845,7.0660734,5.675626,-2.026975,-1.8062322,10.708451,-0.43078744,-3.0167153
312,-0.09397012,0.061536036,0.33973688,-0.6830566,-0.6726024,0.012173817,-13.285939,0.9366409,-0.30290678,6.2746487,-1.1046579,-3.0759716,7.7438984,2.6241689
313,1.0109904,-0.7662558,0.36921334,-0.011660814,0.5400066,-0.35722446,-1.2962956,1.8606918,1.423359,3.5995734,0.98434573,6.2027216,-1.7571629,0.27663088
314,-0.20270011,-0.05299428,-0.009281822,-0.14099365,-0.9766147,-0.3423661,-2.0351346,0.2678183,-1.9611233,1.5099744,-3.6773791,4.6650405,1.6356478,-5.828287
315,-0.46586952,-0.48387244,0.18148464,-0.0033601522,-0.21803844,-0.37472034,3.7879584,-0.84519553,-0.96809465,2.6473675,2.8695302,-2.092497,11.11311,-7.6013713
316,-0.12421888,-0.36134246,0.06902355,-0.6242509,-0.31665885,0.44541764,-0.38204122,-0.81817913,1.8985031,-1.0095528,-1.3755065,2.9463198,-7.75538,-8.643386
317,-0.46994373,-0.3225962,0.17028704,-0.13156855,-0.4351861,-0.005630009,5.485983,-3.1757946,-6.7158937,5.403433,-2.2686758,-0.36309958,1.6997292,-0.047995985
318,-0.6338453,-0.06713626,0.5398356,-0.9589541,-0.40331423,-0.37795442,1.9114791,-4.4246264,0.25914866,0.7575614,-9.80514,0.7408321,-4.373141,12.774829
319,-0.2772196,0.6050232,-0.54540384,-0.76380765,-0.3051626,0.22524208,1.8269491,7.373831,7.4601474,1.0180234,1.5969481,0.26326954,9.457103,-4.6184454
320,0.12242844,0.27803484,0.08966972,0.15766361,-0.18325868,0.89920825,0.4194399,1.7766557,3.8199322,-0.98776865,5.37491,5.6203566,2.687869,-0.7386034
321,0.116175316,-0.9341216,0.39418823,-0.52235734,-0.35835004,-0.19659252,-0.3269049,-2.5409951,0.67337763,1.927024,7.246843,-7.5637493,-4.6046104,11.191519
322,-0.091067046,-0.23885408,0.38536394,-0.43022552,-0.39112273,-0.5741323,-14.927544,0.83699834,1.8480349,-0.30073816,-0.40893164,1.4517354,-5.7896934,-0.7403886
323,-0.0956979,-0.30391628,0.08891321,-0.852724,-0.47799277,0.16966867,-0.17577589,-0.24100494,3.967455,-1.8736602,-10.723062,4.869332,3.8279607,1.2637775
324,-0.035455793,-0.15895222,0.3501568,-0.2733848,0.10768593,0.046127707,7.764424,1.8681713,-0.25690788,6.2901998,2.5489383,-0.8055685,-0.9753606,12.437598
325,0.58888066,-0.597374,0.2586584,-0.18612386,-1.2297909,-0.19584697,0.03631282,-6.3562455,2.4312358,15.780266,-2.1840959,2.7582092,2.419344,1.0406208
326,-0.37554988,1.0725436,0.25456947,-0.66678834,0.3214663,-0.06745492,2.063769,0.047336236,-0.2972579,-0.27075505,-14.367764,5.4514422,-1.3305631,3.1292434
327,-0.039181367,-0.49343437,0.5211798,-0.5605912,-0.66839015,-0.23007831,4.2510858,3.3298545,-4.2900505,-2.5265446,-0.7948559,-5.7178955,5.339583,-0.90320516
328,-0.49870476,-0.44556618,0.14677708,-0.26064697,-0.08795078,0.09678613,-18.262075,-5.4146957,12.087708,-14.69928,-3.3054297,2.3155208,1.0450633,-0.28710365
329,-0.51386905,0.027812243,0.7146275,-0.2700717,-0.38074166,-0.051565506,-0.55905056,-1.0709299,-0.017873332,0.5702521,-1.2005814,-0.68626463,6.22605,0.04138808
330,-0.96504205,-0.5296997,0.10220038,-0.3243649,-0.015469372,-0.047816664,-0.5954715,-3.4865863,8.06642,3.5163488,-26.06081,-4.6460094,-7.174132,-4.9245834
331,-0.5768489,-1.0379355,0.01661025,-0.74213266,-0.63497555,-0.61791104,-8.617512,1.4300346,2.5965798,2.0686147,6.406033,-1.9526379,7.4959555,-7.506605
332,-0.43410546,-1.3519014,0.22674395,-1.0220442,-0.15686177,-0.54890776,-14.314679,-0.009554654,0.4469405,-4.005864,-3.2465549,2.8636603,17.288885,2.5923936
333,-1.7884221,0.31253508,-0.34990156,-0.4574937,0.2295341,0.21720353,1.3305545,-0.79440975,-0.3909848,-0.9547932,-3.7133043,3.7713633,8.406322,7.4073696
334,-0.15015982,-0.6501945,0.30941546,-0.19116904,-0.15657954,0.0039612055,11.80822,-14.72487,5.4514356,-1.3152953,1.1132292,2.6816454,0.7955341,0.74628425
335,0.26421034,0.10472424,-0.12022643,-0.1730362,-0.66379774,-0.37232643,-3.9380546,4.2481303,-7.288781,1.7268718,0.9998386,-3.8739243,-7.8823576,2.1369424
336,-0.5755832,0.50319374,0.01649481,-0.7319585,0.04660166,0.44580403,-0.21336165,-0.28112957,1.2922959,6.4354653,1.839945,2.3110523,3.8388722,-6.975827
337,-0.43600786,-0.41081908,0.059517518,-0.5094304,-0.4140616,0.60845804,-3.141187,-0.9439883,4.286229,8.518531,4.23931,7.3795266,-0.5659894,-7.7014236
338,0.14163376,-0.22722827,-0.1483877,-0.9329166,-0.07291128,-0.6104772,15.92831,0.8089241,3.0676777,9.490905,9.354626,4.232605,-4.275107,3.6206686
339,-0.22128487,-0.25684512,0.1602532,-0.19630755,0.05029723,0.13501775,-1.6764488,2.3594632,3.0642414,0.32061455,9.390066,-8.33982,-2.5886757,-6.570524
340,-0.72602415,-0.63620514,-0.26107913,-1.2165868,-1.049448,-0.49517542,-4.5497336,1.077737,-0.7980781,-1.1556937,0.1950898,6.2668695,25.30895,7.1218348
341,-0.42022908,-0.294972,0.123920225,-0.02898372,-0.34373254,-0.5591246,-2.2991812,-1.827123,3.4932692,-2.5904825,-2.111211,1.7806193,-1.6855645,-0.1675351
342,-1.1602638,-0.062358096,0.24795619,-0.29368967,-0.5854466,-0.38787296,1.1575303,8.467398,-0.34778374,8.228669,3.6870847,1.9932656,-4.028568,-4.2222514
343,0.4153883,0.24517466,1.2987391,-0.63695574,-0.981119,0.20248386,0.20605606,0.7097888,-0.24464267,-1.9445527,1.5404048,-2.0083132,0.67110115,-2.7245073
344,-0.41519177,-0.46170413,0.21514583,-0.53214306,-0.021283805,0.18302834,-4.1900377,-10.588829,-8.058541,0.7970465,6.3266997,-7.2889085,-0.7073033,3.8863885
345,-0.76751685,-0.17630476,-0.04235457,0.10689603,-1.2535665,-0.551245,0.43591332,-1.7992258,3.3493009,0.1949668,-0.36200684,-0.3569032,9.8296385,-6.9476366
346,-0.20287156,-0.4309073,-0.19341204,-0.95597494,0.44500586,-0.08226664,-2.094173,1.982817,-2.677903,-2.380724,7.8385005,1.5059288,2.9819984,1.2130004
347,-0.0938323,-0.8102704,0.7957629,-1.1786985,-0.31601337,-0.120664515,2.4515758,3.7917056,-4.0097084,-5.120063,-0.18426463,2.6829576,-0.6015865,4.093696
348,-0.1035299,-0.61034846,0.0696345,-0.5296955,-0.59971446,-0.39197832,7.3502545,0.7281878,-2.140103,-1.687812,-3.6149347,-2.770722,0.93376935,-0.3689216
349,-0.2855659,-0.7856611,0.5598998,-0.69491637,-0.1039724,-0.2222304,-4.416014,0.34563336,-2.0447323,-4.6254306,-8.241296,3.8674703,12.661999,19.482481
350,-0.0020749792,-0.41053382,0.20830268,-0.615648,-0.26004815,-0.25420743,-1.0200294,4.449135,-6.7299976,1.9716932,-9.949865,-0.78760254,-1.5208892,19.313288
351,-0.85926664,-0.14384621,0.5305099,-0.75609976,0.11912246,0.3836733,-0.35352892,-2.0918205,4.3304257,-5.893817,0.1011931,-1.7469336,-1.4256934,1.2341605
352,-1.2262732,-0.2997557,0.27383482,-0.1928607,-0.97997046,0.7677547,10.282914,1.0051131,-1.3771534,-7.5318418,5.959604,-10.309603,-4.5350013,-2.3722491
353,-0.32370126,-0.29396158,0.23015764,-0.16936462,-0.7979636,0.24883021,0.3497429,-1.2634584,-3.732233,-5.3251624,2.548024,-3.8919666,-0.1781834,-0.40720716
354,-0.67700654,-0.4024695,0.1885156,-0.8197936,-0.4011772,-0.25887558,-19.312052,-0.8106206,6.70929,-4.5326657,1.4248679,-0.56943256,-6.38378,-1.5116441
355,-0.8813882,-0.5818,-0.38974404,-0.851077,-0.20351332,-0.18599984,-0.7812655,-2.1647785,-2.4773052,0.4922343,-11.21976,-6.9020805,3.7618003,2.0171642
356,-0.69833755,-0.8974214,0.17902961,-0.43261272,-1.061265,0.21293572,-1.8068182,1.7726353,1.523808,3.6874392,-11.250601,1.4094434,2.896579,2.6045141
357,-0.92401594,-0.48216057,-0.16114728,0.39543435,-0.7351352,0.49757835,-0.11779128,8.723129,-4.070917,-1.7755742,-1.3569155,8.544003,0.7631551,-1.2117585
358,-0.4871667,-0.31196234,-0.107233495,-1.1253893,-0.59957474,-0.68796885,-2.1324317,2.5880885,-5.3544216,-2.1780214,-0.7246027,-0.77797073,1.7107902,0.5309574
359,-1.0424076,-0.38826984,0.29794884,-0.58731633,-0.2979296,-0.15940198,0.17917942,1.1103888,-1.7263662,-0.31430286,17.67535,8.698683,-2.5673218,-0.37032902
360,-0.8664096,-0.22923088,0.36947972,-0.42103654,-0.15068689,-0.05836767,5.499586,2.8925235,-3.1103477,0.21584687,2.3694866,6.7270284,-10.326583,1.767304
361,-0.48138982,-0.67778015,0.122469366,-0.2709156,-0.68364626,-0.17733857,7.6019025,-0.4280481,3.450748,1.4227895,5.751629,3.1148589,-11.380691,9.676245
362,0.2632926,0.17305295,0.08953312,-0.549107,0.02346,-0.16963817,12.7209425,-28.162394,-18.08737,0.36610788,-8.154126,7.8051457,-4.454749,6.8732843
363,-0.4053557,-0.39694545,0.5548235,-0.59667015,0.67951506,0.5506698,-3.3014665,-1.9705447,-4.5213146,0.8171286,-0.8686642,-4.6514072,-1.8205812,2.578379
364,-0.27789804,-0.33708924,0.49499556,-0.2159864,-0.15506366,-0.30772495,3.8876839,-3.417484,-0.29971325,-4.1966286,-1.2427208,2.6123428,-5.271822,4.9141717
365,-0.4232021,-0.14223765,0.18747514,-0.5271595,-0.45803595,1.0781398,-2.9940505,2.1831145,-2.4383702,3.8888855,14.294243,-9.661845,12.639629,-1.948774
366,-0.12997386,-0.11389114,0.63615346,-0.70708764,-0.5424806,0.31301138,3.46664,-4.3227262,1.9426085,-4.350742,0.8713348,1.0692483,4.3797426,-3.2402127
367,-0.38103023,-0.24268171,-0.1300343,-0.80744904,-0.21949822,-0.41108137,6.47554,1.4458927,-5.281279,-9.371062,11.491242,2.7762551,-0.5700353,-1.7275409
368,-0.55678463,-0.35919416,0.021636248,-0.31924677,0.41079545,-0.40781122,1.4993062,7.9809504,-11.60584,0.80443937,2.3453543,-2.1164308,-7.177553,2.931421
369,-0.51104534,-0.007283345,-0.1440665,-0.707546,0.07206347,-0.17151706,-3.3255198,14.541043,-18.58979,0.77135986,7.9065228,1.4196361,0.6433795,3.5492063
370,-0.07347448,0.3290255,0.17756742,0.65233326,-0.54425764,0.31253174,-4.6149483,0.74353135,-2.3225698,2.0756454,-2.6755688,-2.6341848,2.026647,2.101008
371,0.35652736,-0.5208325,0.12685053,-0.11783859,-0.7778441,0.017790556,0.84541607,3.3668394,5.9395466,6.304156,0.7596962,-0.3017858,1.170049,4.016679
372,-0.78940535,-0.64783406,-0.2803938,-0.89647335,0.08347188,0.15461507,2.8498716,5.210585,3.5269566,0.62098217,0.23096943,-1.08784,-0.86364436,0.0020230114
373,-0.17039058,-0.098918855,0.71108294,-0.5172628,0.031779543,-0.3565454,-2.5493968,7.920763,0.15670851,-0.23404819,-0.4364398,-1.3674312,0.12555212,-0.6690985
374,-0.39731774,-0.7886222,0.64846647,0.30417567,-0.52186996,-1.0525044,-4.9459314,0.3106009,-2.0262146,-1.5007524,0.8627629,4.8545365,0.79933906,-4.317318
375,-0.05320619,-0.842652,0.014410436,-0.785765,-0.38698232,0.0057519674,-1.4857609,-0.47588703,1.8736601,-0.67598724,5.0836782,2.7314014,5.093544,-2.0483985
376,-0.3194185,-0.7263795,0.06224216,-0.34460038,-0.57495016,0.7908827,1.3725795,2.8634958,-1.5993723,0.13012668,-3.8043604,-3.6853776,1.669158,-2.9367661
377,0.12156901,-0.9013031,0.18895671,-0.72842467,-0.6638,-0.3123032,9.598395,7.194245,2.159071,0.06004274,-0.6251453,3.3823535,5.209856,-10.7430935
378,0.04297632,-0.5986292,-0.34433508,-0.32502246,-0.5019083,0.3533267,-4.8936214,-7.6778936,-0.81172585,1.824743,-10.124516,3.91477,4.414179,-0.7555405
379,-0.44143254,-0.71271384,-0.2168788,-0.5708158,-0.079917684,0.17559746,7.3790774,0.12847722,0.3146467,-7.1740227,9.697697,1.6959066,0.78771186,1.4086243
380,-1.0173903,-1.1108396,-0.32920927,-0.5550697,-0.11046316,-0.036723927,-4.0325003,4.7763705,3.4091165,-4.083766,-2.540919,-0.21852796,-1.5255831,5.258575
381,-0.9031819,-0.01939027,0.093025,0.29536086,-0.51609004,-0.30681756,1.6351184,0.94399065,1.0241654,-2.375194,4.721191,-8.319213,21.62696,18.720236
382,-1.001884,-0.83210075,0.41446382,-0.78954583,-0.4617121,-0.41531768,2.3732588,3.57504,0.9841463,-3.978715,-4.7456737,-5.4729276,3.2089896,0.92431974
383,-0.18100148,-0.372284,0.1084356,-0.567004,0.9514817,0.29800037,3.4837387,1.8395624,-3.7122025,0.6428455,1.396735,4.5766544,-3.0687284,-7.6788497
384,-0.18316795,-1.0878371,0.29953325,-1.6963767,-0.38692892,-1.0273589,-5.620711,-4.605442,4.511398,7.1103272,5.5000772,3.22843,-5.1345873,1.4415451
385,-0.23793945,-0.22436029,0.14564112,-0.6366748,-0.8219515,0.4429993,2.1562846,-0.2110892,-3.2237453,-2.610273,-7.658949,0.73626906,0.6254776,1.4334283
386,-0.3638921,-0.81554204,-0.09915209,-0.43671513,-0.026752621,-0.5370287,-0.11787498,1.524389,0.06541787,-0.2740447,-8.7291,-2.2190802,-1.3036587,-3.6124222
387,-0.21793436,-0.021185443,0.056401864,-0.54447854,-0.12496179,0.38063982,-4.244632,1.3826959,2.7146707,-1.5152497,-3.6789868,2.7641025,-1.3272879,0.13350672
388,-0.50254345,-0.3550675,0.1945997,-0.07094131,-0.54735625,0.12648156,-6.4130616,-4.4224496,-6.2396193,-2.2710967,-8.337573,12.139513,-5.1041174,1.6849943
389,-0.64522785,-0.44892943,0.37838846,-0.7463404,0.17500749,0.9613333,0.688866,12.727746,-0.4947839,0.7495289,-0.64470875,7.3202844,0.7159925,-0.08682622
390,-0.90999854,-0.68180907,0.36019063,-0.48574978,-0.4608645,0.22234337,-7.950444,7.7366886,2.6777859,16.329716,0.570658,2.7709234,4.8423553,2.1606953
391,-0.19037586,-1.3857669,-0.37640795,0.031429738,0.08308329,0.39830664,-0.63190866,2.0736516,-2.896673,1.5667357,-3.4547474,2.250812,1.3364451,-1.8587761
392,-0.27917805,-0.6770061,0.41164428,-0.33937597,0.26701313,-0.01937154,-16.335835,10.988255,12.547295,-2.2763433,-0.83264494,-5.6524916,5.1731796,0.8326081
393,-0.147784,-0.56372964,0.43756574,-0.755736,-0.015937313,0.11387581,15.8891115,-6.668749,4.381444,0.17218485,3.061436,-0.7696367,1.8037199,2.2576716
394,0.25387165,-0.4434508,0.41728458,-0.43824446,-0.42576233,-0.056254953,1.6536121,2.4491582,-0.49924234,2.0102472,-1.4461799,-8.483101,-1.0391564,-6.6229496
395,-0.717597,-0.4315948,-0.1029008,-0.30931723,-0.05249478,0.3359893,0.11704676,5.803401,1.4548875,1.0676454,-5.3627887,3.900051,-0.697319,1.1495568
396,-0.36359575,0.1696622,-0.045161933,-0.11409724,-0.039420277,-0.24824303,-0.18851656,-1.2285674,4.7448072,-0.94169253,4.87895,10.906784,2.7377381,4.9074516
397,-0.12369919,-0.2807224,-0.003780663,-0.3063913,-0.4062933,-0.8769315,1.0865219,-1.722714,3.5434062,4.3294244,0.6779115,-3.2544842,0.15994021,-0.18076496
398,0.03472233,-0.1933074,-0.14884998,-0.33427078,-0.50830877,-1.0016744,5.742978,0.4358609,2.914227,-3.9596987,-5.629663,-4.455043,3.825829,3.3240864
399,-0.6334414,-0.0038654357,-0.0035475455,-0.47457695,-0.18008941,0.7147065,0.11519405,-2.5494583,0.464094,0.8825212,1.4172335,-7.0498505,-3.7718117,5.081353
